id,event_type
17508,event_type 15
17508,event_type 11
17508,event_type 15
17508,event_type 11
17909,event_type 11
17648,event_type 15
17155,event_type 34
17155,event_type 20
17155,event_type 35
17155,event_type 34
17155,event_type 20
17155,event_type 35
17155,event_type 34
17155,event_type 20
17155,event_type 35
18500,event_type 34
18189,event_type 34
18189,event_type 35
18189,event_type 34
18189,event_type 35
16795,event_type 11
17756,event_type 11
17736,event_type 15
17758,event_type 1
17758,event_type 15
17758,event_type 11
17758,event_type 1
17758,event_type 15
17758,event_type 11
17758,event_type 1
17758,event_type 15
17758,event_type 11
17869,event_type 15
16917,event_type 15
17425,event_type 11
17425,event_type 15
17425,event_type 11
17425,event_type 15
18486,event_type 11
18486,event_type 15
18486,event_type 11
18486,event_type 15
17066,event_type 15
18296,event_type 15
18376,event_type 15
17963,event_type 1
17963,event_type 15
17963,event_type 11
17963,event_type 1
17963,event_type 15
17963,event_type 11
17963,event_type 1
17963,event_type 15
17963,event_type 11
17645,event_type 15
17950,event_type 15
17731,event_type 15
18077,event_type 29
17530,event_type 11
16725,event_type 11
16681,event_type 11
16675,event_type 11
17329,event_type 18
17329,event_type 11
17329,event_type 18
17329,event_type 11
17856,event_type 11
17856,event_type 13
17856,event_type 11
17856,event_type 13
17505,event_type 13
17505,event_type 11
17505,event_type 13
17505,event_type 11
17062,event_type 11
17062,event_type 13
17062,event_type 11
17062,event_type 13
17852,event_type 11
17379,event_type 11
17209,event_type 11
16741,event_type 15
17949,event_type 11
17434,event_type 11
18407,event_type 15
17867,event_type 11
17867,event_type 15
17867,event_type 11
17867,event_type 15
17134,event_type 15
17833,event_type 15
17833,event_type 11
17833,event_type 15
17833,event_type 11
17931,event_type 15
17825,event_type 15
17557,event_type 15
17801,event_type 15
17540,event_type 11
17540,event_type 15
17540,event_type 11
17540,event_type 15
17749,event_type 15
18116,event_type 11
18116,event_type 15
18116,event_type 11
18116,event_type 15
18176,event_type 11
18176,event_type 15
18176,event_type 11
18176,event_type 15
17568,event_type 15
17358,event_type 34
17358,event_type 35
17358,event_type 34
17358,event_type 35
18421,event_type 34
18421,event_type 35
18421,event_type 34
18421,event_type 35
17751,event_type 35
17751,event_type 34
17751,event_type 35
17751,event_type 34
17647,event_type 35
17647,event_type 34
17647,event_type 35
17647,event_type 34
16763,event_type 35
17019,event_type 35
17019,event_type 34
17019,event_type 35
17019,event_type 34
18408,event_type 11
18388,event_type 11
18131,event_type 11
18249,event_type 11
17605,event_type 11
16724,event_type 11
17416,event_type 11
17853,event_type 11
16818,event_type 11
17533,event_type 54
17533,event_type 11
17533,event_type 54
17533,event_type 11
17448,event_type 11
17448,event_type 13
17448,event_type 11
17448,event_type 13
17567,event_type 14
17567,event_type 11
17567,event_type 14
17567,event_type 11
16865,event_type 54
16865,event_type 13
16865,event_type 11
16865,event_type 54
16865,event_type 13
16865,event_type 11
16865,event_type 54
16865,event_type 13
16865,event_type 11
16982,event_type 11
18544,event_type 11
18197,event_type 11
16899,event_type 11
18494,event_type 11
17643,event_type 11
17299,event_type 23
17706,event_type 11
17829,event_type 11
17474,event_type 20
17474,event_type 35
17474,event_type 20
17474,event_type 35
17974,event_type 15
17974,event_type 11
17974,event_type 15
17974,event_type 11
18496,event_type 15
16787,event_type 15
17727,event_type 15
18088,event_type 15
18081,event_type 11
17489,event_type 11
17489,event_type 14
17489,event_type 11
17489,event_type 14
18540,event_type 11
17544,event_type 11
17674,event_type 11
17946,event_type 11
18216,event_type 13
17113,event_type 22
17113,event_type 11
17113,event_type 22
17113,event_type 11
18223,event_type 11
18223,event_type 23
18223,event_type 11
18223,event_type 23
17964,event_type 11
18107,event_type 15
16760,event_type 15
16760,event_type 11
16760,event_type 15
16760,event_type 11
17026,event_type 15
18429,event_type 15
18368,event_type 11
18368,event_type 15
18368,event_type 11
18368,event_type 15
16672,event_type 15
17954,event_type 11
17954,event_type 15
17954,event_type 54
17954,event_type 11
17954,event_type 15
17954,event_type 54
17954,event_type 11
17954,event_type 15
17954,event_type 54
18324,event_type 15
17308,event_type 54
17308,event_type 15
17308,event_type 54
17308,event_type 15
16876,event_type 15
17195,event_type 15
17195,event_type 54
17195,event_type 11
17195,event_type 15
17195,event_type 54
17195,event_type 11
17195,event_type 15
17195,event_type 54
17195,event_type 11
17298,event_type 15
17396,event_type 11
17799,event_type 11
18221,event_type 11
16783,event_type 15
17828,event_type 15
17064,event_type 11
17064,event_type 15
17064,event_type 11
17064,event_type 15
18334,event_type 11
17403,event_type 35
17311,event_type 15
16786,event_type 15
16820,event_type 15
17588,event_type 15
17588,event_type 11
17588,event_type 15
17588,event_type 11
16806,event_type 15
17509,event_type 13
17509,event_type 11
17509,event_type 13
17509,event_type 11
18177,event_type 11
18177,event_type 14
18177,event_type 11
18177,event_type 14
16714,event_type 11
18475,event_type 24
18475,event_type 11
18475,event_type 24
18475,event_type 11
17158,event_type 34
17158,event_type 35
17158,event_type 34
17158,event_type 35
16744,event_type 15
18534,event_type 11
16782,event_type 11
17887,event_type 15
18053,event_type 11
18053,event_type 15
18053,event_type 11
18053,event_type 15
17384,event_type 15
17325,event_type 15
17683,event_type 15
17523,event_type 15
17543,event_type 15
17632,event_type 15
17693,event_type 11
18279,event_type 13
17657,event_type 13
17657,event_type 11
17657,event_type 13
17657,event_type 11
17294,event_type 14
17294,event_type 11
17294,event_type 14
17294,event_type 11
18349,event_type 20
18349,event_type 35
18349,event_type 34
18349,event_type 20
18349,event_type 35
18349,event_type 34
18349,event_type 20
18349,event_type 35
18349,event_type 34
17136,event_type 11
18144,event_type 13
18144,event_type 11
18144,event_type 13
18144,event_type 11
17225,event_type 11
17225,event_type 15
17225,event_type 11
17225,event_type 15
16853,event_type 11
17320,event_type 11
17941,event_type 11
17941,event_type 20
17941,event_type 11
17941,event_type 20
17221,event_type 11
18274,event_type 32
18274,event_type 11
18274,event_type 32
18274,event_type 11
17122,event_type 15
18276,event_type 15
18410,event_type 15
17447,event_type 15
16716,event_type 11
16716,event_type 15
16716,event_type 11
16716,event_type 15
18384,event_type 15
17942,event_type 15
16929,event_type 11
16929,event_type 14
16929,event_type 11
16929,event_type 14
17257,event_type 11
17855,event_type 11
17933,event_type 34
17932,event_type 11
17341,event_type 11
18159,event_type 15
17878,event_type 11
17052,event_type 11
17590,event_type 32
16914,event_type 11
18178,event_type 54
17107,event_type 11
17458,event_type 11
18106,event_type 11
18106,event_type 8
18106,event_type 11
18106,event_type 8
16758,event_type 11
17449,event_type 11
17602,event_type 35
17872,event_type 35
17872,event_type 34
17872,event_type 11
17872,event_type 35
17872,event_type 34
17872,event_type 11
17872,event_type 35
17872,event_type 34
17872,event_type 11
17953,event_type 11
17953,event_type 15
17953,event_type 11
17953,event_type 15
18417,event_type 15
18417,event_type 11
18417,event_type 15
18417,event_type 11
17487,event_type 11
17487,event_type 15
17487,event_type 11
17487,event_type 15
18335,event_type 15
18335,event_type 11
18335,event_type 15
18335,event_type 11
18465,event_type 15
16915,event_type 11
16915,event_type 15
16915,event_type 11
16915,event_type 15
17321,event_type 11
17321,event_type 15
17321,event_type 11
17321,event_type 15
18343,event_type 15
18343,event_type 11
18343,event_type 15
18343,event_type 11
17903,event_type 15
16668,event_type 11
17979,event_type 11
17611,event_type 11
17198,event_type 15
17198,event_type 11
17198,event_type 15
17198,event_type 11
16808,event_type 11
16808,event_type 15
16808,event_type 11
16808,event_type 15
18458,event_type 11
18458,event_type 15
18458,event_type 11
18458,event_type 15
17312,event_type 15
17958,event_type 11
17958,event_type 15
17958,event_type 11
17958,event_type 15
17513,event_type 11
17513,event_type 15
17513,event_type 11
17513,event_type 15
16706,event_type 15
17694,event_type 15
17694,event_type 11
17694,event_type 15
17694,event_type 11
17709,event_type 15
17709,event_type 11
17709,event_type 15
17709,event_type 11
17526,event_type 15
17526,event_type 11
17526,event_type 15
17526,event_type 11
17249,event_type 14
17249,event_type 11
17249,event_type 14
17249,event_type 11
17038,event_type 13
17038,event_type 11
17038,event_type 13
17038,event_type 11
18439,event_type 11
16817,event_type 11
18239,event_type 11
17049,event_type 11
17232,event_type 11
18456,event_type 20
16987,event_type 20
18157,event_type 34
18157,event_type 35
18157,event_type 34
18157,event_type 35
16719,event_type 34
16719,event_type 35
16719,event_type 34
16719,event_type 35
16676,event_type 34
16676,event_type 35
16676,event_type 34
16676,event_type 35
17282,event_type 34
17282,event_type 11
17282,event_type 20
17282,event_type 35
17282,event_type 34
17282,event_type 11
17282,event_type 20
17282,event_type 35
17282,event_type 34
17282,event_type 11
17282,event_type 20
17282,event_type 35
17282,event_type 34
17282,event_type 11
17282,event_type 20
17282,event_type 35
17719,event_type 20
17115,event_type 35
17115,event_type 34
17115,event_type 35
17115,event_type 34
17945,event_type 35
17945,event_type 34
17945,event_type 35
17945,event_type 34
17882,event_type 34
17882,event_type 35
17882,event_type 34
17882,event_type 35
17112,event_type 35
17112,event_type 34
17112,event_type 35
17112,event_type 34
17394,event_type 35
17394,event_type 34
17394,event_type 35
17394,event_type 34
16961,event_type 34
16961,event_type 35
16961,event_type 34
16961,event_type 35
17150,event_type 34
17150,event_type 35
17150,event_type 34
17150,event_type 35
18312,event_type 34
18312,event_type 35
18312,event_type 34
18312,event_type 35
17676,event_type 11
17676,event_type 54
17676,event_type 11
17676,event_type 54
18125,event_type 34
18125,event_type 35
18125,event_type 34
18125,event_type 35
17117,event_type 35
17901,event_type 11
17901,event_type 34
17901,event_type 11
17901,event_type 34
17904,event_type 35
17904,event_type 34
17904,event_type 35
17904,event_type 34
17036,event_type 35
17036,event_type 34
17036,event_type 35
17036,event_type 34
18280,event_type 34
18280,event_type 35
18280,event_type 34
18280,event_type 35
18082,event_type 35
18082,event_type 34
18082,event_type 35
18082,event_type 34
16850,event_type 34
16850,event_type 35
16850,event_type 34
16850,event_type 35
17553,event_type 35
17553,event_type 34
17553,event_type 35
17553,event_type 34
17823,event_type 35
17823,event_type 34
17823,event_type 35
17823,event_type 34
16770,event_type 35
16770,event_type 34
16770,event_type 35
16770,event_type 34
17264,event_type 35
17264,event_type 34
17264,event_type 35
17264,event_type 34
16666,event_type 35
16666,event_type 34
16666,event_type 35
16666,event_type 34
18043,event_type 34
18043,event_type 35
18043,event_type 34
18043,event_type 35
16956,event_type 34
16956,event_type 35
16956,event_type 34
16956,event_type 35
17359,event_type 34
17359,event_type 35
17359,event_type 34
17359,event_type 35
18164,event_type 35
18164,event_type 34
18164,event_type 35
18164,event_type 34
18047,event_type 35
18047,event_type 34
18047,event_type 35
18047,event_type 34
17167,event_type 11
17167,event_type 34
17167,event_type 35
17167,event_type 11
17167,event_type 34
17167,event_type 35
17167,event_type 11
17167,event_type 34
17167,event_type 35
18505,event_type 34
18505,event_type 35
18505,event_type 34
18505,event_type 35
17848,event_type 34
17848,event_type 35
17848,event_type 34
17848,event_type 35
18132,event_type 34
18132,event_type 35
18132,event_type 34
18132,event_type 35
16772,event_type 35
16772,event_type 34
16772,event_type 35
16772,event_type 34
17660,event_type 35
17660,event_type 34
17660,event_type 35
17660,event_type 34
16907,event_type 34
16907,event_type 35
16907,event_type 34
16907,event_type 35
17456,event_type 35
17456,event_type 34
17456,event_type 35
17456,event_type 34
17586,event_type 34
17586,event_type 35
17586,event_type 34
17586,event_type 35
18160,event_type 34
18160,event_type 35
18160,event_type 34
18160,event_type 35
17582,event_type 35
17582,event_type 12
17582,event_type 34
17582,event_type 35
17582,event_type 12
17582,event_type 34
17582,event_type 35
17582,event_type 12
17582,event_type 34
17999,event_type 34
17999,event_type 35
17999,event_type 34
17999,event_type 35
16852,event_type 35
16852,event_type 34
16852,event_type 35
16852,event_type 34
16974,event_type 34
16974,event_type 35
16974,event_type 34
16974,event_type 35
17479,event_type 35
17479,event_type 34
17479,event_type 35
17479,event_type 34
18437,event_type 34
18437,event_type 35
18437,event_type 34
18437,event_type 35
17483,event_type 35
17483,event_type 34
17483,event_type 35
17483,event_type 34
17044,event_type 34
17044,event_type 35
17044,event_type 34
17044,event_type 35
17939,event_type 13
17939,event_type 11
17939,event_type 13
17939,event_type 11
18521,event_type 11
18521,event_type 13
18521,event_type 11
18521,event_type 13
17385,event_type 35
17385,event_type 34
17385,event_type 35
17385,event_type 34
16992,event_type 35
16992,event_type 34
16992,event_type 35
16992,event_type 34
17984,event_type 35
17984,event_type 34
17984,event_type 35
17984,event_type 34
17716,event_type 35
17716,event_type 34
17716,event_type 35
17716,event_type 34
17743,event_type 35
17743,event_type 34
17743,event_type 35
17743,event_type 34
17192,event_type 35
17192,event_type 34
17192,event_type 35
17192,event_type 34
18488,event_type 35
18488,event_type 34
18488,event_type 35
18488,event_type 34
18318,event_type 35
18318,event_type 34
18318,event_type 35
18318,event_type 34
17408,event_type 34
17408,event_type 35
17408,event_type 34
17408,event_type 35
17205,event_type 35
17205,event_type 34
17205,event_type 35
17205,event_type 34
17952,event_type 35
17952,event_type 34
17952,event_type 35
17952,event_type 34
18378,event_type 34
18378,event_type 35
18378,event_type 34
18378,event_type 35
18092,event_type 34
18092,event_type 35
18092,event_type 34
18092,event_type 35
17210,event_type 34
17210,event_type 35
17210,event_type 34
17210,event_type 35
18187,event_type 34
18187,event_type 35
18187,event_type 34
18187,event_type 35
17704,event_type 35
17704,event_type 34
17704,event_type 35
17704,event_type 34
17024,event_type 34
17024,event_type 35
17024,event_type 34
17024,event_type 35
16870,event_type 35
16870,event_type 34
16870,event_type 35
16870,event_type 34
16923,event_type 34
16923,event_type 35
16923,event_type 34
16923,event_type 35
18162,event_type 34
18162,event_type 35
18162,event_type 34
18162,event_type 35
17780,event_type 35
17780,event_type 34
17780,event_type 35
17780,event_type 34
17686,event_type 20
17686,event_type 35
17686,event_type 20
17686,event_type 35
17069,event_type 34
17069,event_type 35
17069,event_type 34
17069,event_type 35
18238,event_type 35
18238,event_type 34
18238,event_type 35
18238,event_type 34
17212,event_type 35
17212,event_type 34
17212,event_type 35
17212,event_type 34
17891,event_type 34
17891,event_type 35
17891,event_type 34
17891,event_type 35
18316,event_type 35
18316,event_type 34
18316,event_type 35
18316,event_type 34
18263,event_type 34
18263,event_type 35
18263,event_type 34
18263,event_type 35
17304,event_type 35
17304,event_type 34
17304,event_type 35
17304,event_type 34
18097,event_type 34
18097,event_type 35
18097,event_type 34
18097,event_type 35
17011,event_type 35
17710,event_type 34
17710,event_type 20
17710,event_type 35
17710,event_type 34
17710,event_type 20
17710,event_type 35
17710,event_type 34
17710,event_type 20
17710,event_type 35
17020,event_type 35
17020,event_type 34
17020,event_type 35
17020,event_type 34
18311,event_type 34
18311,event_type 35
18311,event_type 34
18311,event_type 35
17545,event_type 34
17545,event_type 35
17545,event_type 34
17545,event_type 35
18464,event_type 34
18464,event_type 35
18464,event_type 34
18464,event_type 35
16896,event_type 35
17798,event_type 35
17798,event_type 34
17798,event_type 35
17798,event_type 34
16878,event_type 34
16878,event_type 35
16878,event_type 34
16878,event_type 35
17651,event_type 11
18112,event_type 11
18354,event_type 34
18354,event_type 35
18354,event_type 34
18354,event_type 35
16813,event_type 34
16813,event_type 35
16813,event_type 11
16813,event_type 34
16813,event_type 35
16813,event_type 11
16813,event_type 34
16813,event_type 35
16813,event_type 11
17905,event_type 11
18070,event_type 35
18272,event_type 34
16881,event_type 34
16881,event_type 35
16881,event_type 34
16881,event_type 35
17427,event_type 11
18060,event_type 34
18060,event_type 35
18060,event_type 34
18060,event_type 35
18028,event_type 35
17641,event_type 34
17641,event_type 35
17641,event_type 34
17641,event_type 35
16860,event_type 35
16860,event_type 34
16860,event_type 35
16860,event_type 34
17921,event_type 35
17921,event_type 34
17921,event_type 35
17921,event_type 34
16927,event_type 35
17769,event_type 34
17769,event_type 35
17769,event_type 34
17769,event_type 35
17459,event_type 18
17459,event_type 11
17459,event_type 13
17459,event_type 18
17459,event_type 11
17459,event_type 13
17459,event_type 18
17459,event_type 11
17459,event_type 13
18501,event_type 11
18501,event_type 13
18501,event_type 11
18501,event_type 13
18485,event_type 20
18485,event_type 35
18485,event_type 34
18485,event_type 20
18485,event_type 35
18485,event_type 34
18485,event_type 20
18485,event_type 35
18485,event_type 34
18402,event_type 35
18402,event_type 20
18402,event_type 35
18402,event_type 20
18453,event_type 20
17622,event_type 35
17622,event_type 34
17622,event_type 35
17622,event_type 34
16773,event_type 34
16773,event_type 35
16773,event_type 34
16773,event_type 35
16983,event_type 34
16983,event_type 35
16983,event_type 34
16983,event_type 35
16861,event_type 35
17398,event_type 35
17398,event_type 34
17398,event_type 35
17398,event_type 34
18396,event_type 35
18396,event_type 34
18396,event_type 35
18396,event_type 34
17851,event_type 34
17851,event_type 35
17851,event_type 34
17851,event_type 35
17462,event_type 35
17462,event_type 34
17462,event_type 35
17462,event_type 34
17292,event_type 34
17292,event_type 35
17292,event_type 34
17292,event_type 35
16688,event_type 34
16688,event_type 35
16688,event_type 34
16688,event_type 35
18121,event_type 35
18121,event_type 34
18121,event_type 35
18121,event_type 34
18145,event_type 34
18145,event_type 35
18145,event_type 34
18145,event_type 35
17574,event_type 34
17574,event_type 20
17574,event_type 35
17574,event_type 34
17574,event_type 20
17574,event_type 35
17574,event_type 34
17574,event_type 20
17574,event_type 35
17618,event_type 35
17618,event_type 34
17618,event_type 35
17618,event_type 34
18418,event_type 35
18418,event_type 34
18418,event_type 35
18418,event_type 34
17469,event_type 35
17469,event_type 34
17469,event_type 35
17469,event_type 34
17083,event_type 34
17083,event_type 35
17083,event_type 34
17083,event_type 35
16827,event_type 34
16827,event_type 35
16827,event_type 34
16827,event_type 35
17789,event_type 35
17223,event_type 35
17223,event_type 34
17223,event_type 35
17223,event_type 34
17271,event_type 35
17271,event_type 34
17271,event_type 35
17271,event_type 34
16871,event_type 35
16871,event_type 34
16871,event_type 35
16871,event_type 34
17570,event_type 35
17570,event_type 34
17570,event_type 35
17570,event_type 34
16730,event_type 35
16730,event_type 34
16730,event_type 35
16730,event_type 34
17076,event_type 34
17076,event_type 35
17076,event_type 34
17076,event_type 35
16936,event_type 34
16936,event_type 35
16936,event_type 34
16936,event_type 35
18514,event_type 35
18514,event_type 34
18514,event_type 35
18514,event_type 34
17518,event_type 35
17518,event_type 34
17518,event_type 35
17518,event_type 34
17164,event_type 34
17164,event_type 35
17164,event_type 34
17164,event_type 35
18259,event_type 34
18259,event_type 35
18259,event_type 34
18259,event_type 35
16749,event_type 34
16749,event_type 35
16749,event_type 34
16749,event_type 35
17281,event_type 35
16833,event_type 20
18512,event_type 35
18512,event_type 34
18512,event_type 35
18512,event_type 34
17367,event_type 35
17367,event_type 34
17367,event_type 35
17367,event_type 34
18468,event_type 34
18468,event_type 20
18468,event_type 35
18468,event_type 34
18468,event_type 20
18468,event_type 35
18468,event_type 34
18468,event_type 20
18468,event_type 35
17726,event_type 35
17808,event_type 35
17808,event_type 34
17808,event_type 35
17808,event_type 34
17147,event_type 34
17147,event_type 35
17147,event_type 34
17147,event_type 35
18235,event_type 34
18235,event_type 35
18235,event_type 34
18235,event_type 35
17355,event_type 35
17355,event_type 34
17355,event_type 35
17355,event_type 34
17604,event_type 34
17604,event_type 35
17604,event_type 34
17604,event_type 35
17186,event_type 35
17186,event_type 34
17186,event_type 35
17186,event_type 34
16955,event_type 35
16955,event_type 34
16955,event_type 35
16955,event_type 34
17503,event_type 35
17503,event_type 34
17503,event_type 35
17503,event_type 34
18212,event_type 34
18212,event_type 35
18212,event_type 34
18212,event_type 35
16830,event_type 35
16830,event_type 34
16830,event_type 35
16830,event_type 34
17496,event_type 34
17496,event_type 20
17496,event_type 35
17496,event_type 34
17496,event_type 20
17496,event_type 35
17496,event_type 34
17496,event_type 20
17496,event_type 35
17766,event_type 34
17766,event_type 11
17766,event_type 34
17766,event_type 11
18286,event_type 11
16862,event_type 35
17224,event_type 35
18264,event_type 35
18264,event_type 34
18264,event_type 35
18264,event_type 34
16684,event_type 35
16684,event_type 21
16684,event_type 35
16684,event_type 21
16708,event_type 35
16708,event_type 34
16708,event_type 35
16708,event_type 34
17303,event_type 35
18241,event_type 35
17791,event_type 20
17791,event_type 32
17791,event_type 20
17791,event_type 32
16767,event_type 20
16658,event_type 35
16658,event_type 34
16658,event_type 35
16658,event_type 34
16849,event_type 34
16849,event_type 35
16849,event_type 20
16849,event_type 34
16849,event_type 35
16849,event_type 20
16849,event_type 34
16849,event_type 35
16849,event_type 20
18329,event_type 35
17428,event_type 34
17428,event_type 35
17428,event_type 34
17428,event_type 35
16920,event_type 35
16920,event_type 34
16920,event_type 35
16920,event_type 34
17030,event_type 34
17030,event_type 20
17030,event_type 35
17030,event_type 34
17030,event_type 20
17030,event_type 35
17030,event_type 34
17030,event_type 20
17030,event_type 35
17613,event_type 35
17613,event_type 11
17613,event_type 34
17613,event_type 35
17613,event_type 11
17613,event_type 34
17613,event_type 35
17613,event_type 11
17613,event_type 34
18171,event_type 35
18171,event_type 34
18171,event_type 35
18171,event_type 34
17387,event_type 35
18240,event_type 34
18240,event_type 35
18240,event_type 34
18240,event_type 35
17391,event_type 35
17391,event_type 34
17391,event_type 35
17391,event_type 34
17048,event_type 34
17048,event_type 35
17048,event_type 20
17048,event_type 34
17048,event_type 35
17048,event_type 20
17048,event_type 34
17048,event_type 35
17048,event_type 20
18315,event_type 34
18315,event_type 35
18315,event_type 34
18315,event_type 35
18420,event_type 35
18461,event_type 11
18430,event_type 35
18430,event_type 34
18430,event_type 35
18430,event_type 34
16699,event_type 34
16699,event_type 35
16699,event_type 34
16699,event_type 35
17451,event_type 34
17451,event_type 35
17451,event_type 11
17451,event_type 20
17451,event_type 34
17451,event_type 35
17451,event_type 11
17451,event_type 20
17451,event_type 34
17451,event_type 35
17451,event_type 11
17451,event_type 20
17451,event_type 34
17451,event_type 35
17451,event_type 11
17451,event_type 20
17886,event_type 11
18478,event_type 35
18478,event_type 34
18478,event_type 35
18478,event_type 34
18516,event_type 34
18516,event_type 35
18516,event_type 34
18516,event_type 35
17834,event_type 11
17834,event_type 35
17834,event_type 36
17834,event_type 34
17834,event_type 11
17834,event_type 35
17834,event_type 36
17834,event_type 34
17834,event_type 11
17834,event_type 35
17834,event_type 36
17834,event_type 34
17834,event_type 11
17834,event_type 35
17834,event_type 36
17834,event_type 34
18504,event_type 34
18504,event_type 35
18504,event_type 34
18504,event_type 35
16811,event_type 34
18265,event_type 35
18265,event_type 11
18265,event_type 34
18265,event_type 35
18265,event_type 11
18265,event_type 34
18265,event_type 35
18265,event_type 11
18265,event_type 34
17201,event_type 34
17201,event_type 35
17201,event_type 34
17201,event_type 35
18455,event_type 34
18455,event_type 35
18455,event_type 34
18455,event_type 35
17959,event_type 35
18284,event_type 35
18284,event_type 34
18284,event_type 35
18284,event_type 34
17987,event_type 35
17331,event_type 20
17565,event_type 35
17565,event_type 34
17565,event_type 35
17565,event_type 34
17363,event_type 35
17363,event_type 11
17363,event_type 35
17363,event_type 11
17346,event_type 35
18103,event_type 34
18103,event_type 35
18103,event_type 34
18103,event_type 35
17501,event_type 35
17501,event_type 34
17501,event_type 35
17501,event_type 34
17920,event_type 34
17920,event_type 35
17920,event_type 34
17920,event_type 35
18038,event_type 35
18038,event_type 34
18038,event_type 35
18038,event_type 34
17146,event_type 35
17146,event_type 34
17146,event_type 35
17146,event_type 34
18523,event_type 34
18523,event_type 35
18523,event_type 34
18523,event_type 35
16689,event_type 35
18172,event_type 35
18172,event_type 34
18172,event_type 20
18172,event_type 35
18172,event_type 34
18172,event_type 20
18172,event_type 35
18172,event_type 34
18172,event_type 20
17644,event_type 35
17644,event_type 20
17644,event_type 34
17644,event_type 35
17644,event_type 20
17644,event_type 34
17644,event_type 35
17644,event_type 20
17644,event_type 34
17617,event_type 34
17617,event_type 35
17617,event_type 34
17617,event_type 35
18487,event_type 35
18487,event_type 34
18487,event_type 35
18487,event_type 34
18526,event_type 35
18526,event_type 34
18526,event_type 35
18526,event_type 34
18149,event_type 10
16711,event_type 34
16711,event_type 35
16711,event_type 34
16711,event_type 35
18073,event_type 34
18073,event_type 35
18073,event_type 34
18073,event_type 35
17737,event_type 11
17906,event_type 35
17906,event_type 34
17906,event_type 35
17906,event_type 34
16924,event_type 35
16924,event_type 34
16924,event_type 35
16924,event_type 34
17073,event_type 34
17073,event_type 35
17073,event_type 34
17073,event_type 35
18245,event_type 35
18245,event_type 34
18245,event_type 35
18245,event_type 34
18431,event_type 34
18431,event_type 35
18431,event_type 34
18431,event_type 35
18129,event_type 35
18129,event_type 34
18129,event_type 35
18129,event_type 34
16903,event_type 35
16903,event_type 34
16903,event_type 35
16903,event_type 34
16683,event_type 35
16932,event_type 34
16932,event_type 35
16932,event_type 34
16932,event_type 35
17413,event_type 34
17380,event_type 11
16908,event_type 35
16877,event_type 20
16753,event_type 35
18515,event_type 35
18515,event_type 11
18515,event_type 20
18515,event_type 34
18515,event_type 35
18515,event_type 11
18515,event_type 20
18515,event_type 34
18515,event_type 35
18515,event_type 11
18515,event_type 20
18515,event_type 34
18515,event_type 35
18515,event_type 11
18515,event_type 20
18515,event_type 34
16838,event_type 34
16838,event_type 11
16838,event_type 34
16838,event_type 11
17628,event_type 11
18469,event_type 20
17571,event_type 20
17181,event_type 11
18450,event_type 20
17717,event_type 40
17717,event_type 25
17717,event_type 40
17717,event_type 25
18002,event_type 35
17631,event_type 35
17631,event_type 34
17631,event_type 35
17631,event_type 34
17520,event_type 11
17520,event_type 34
17520,event_type 35
17520,event_type 11
17520,event_type 34
17520,event_type 35
17520,event_type 11
17520,event_type 34
17520,event_type 35
17972,event_type 35
17972,event_type 34
17972,event_type 35
17972,event_type 34
17328,event_type 35
18352,event_type 35
17609,event_type 34
17609,event_type 35
17609,event_type 34
17609,event_type 35
17761,event_type 34
17761,event_type 35
17761,event_type 34
17761,event_type 35
18310,event_type 34
18333,event_type 21
18333,event_type 20
18333,event_type 21
18333,event_type 20
18025,event_type 11
18025,event_type 20
18025,event_type 11
18025,event_type 20
17238,event_type 35
17238,event_type 34
17238,event_type 35
17238,event_type 34
18181,event_type 35
18181,event_type 34
18181,event_type 35
18181,event_type 34
18186,event_type 34
18186,event_type 35
18186,event_type 34
18186,event_type 35
17254,event_type 21
18481,event_type 35
18481,event_type 20
18481,event_type 35
18481,event_type 20
16854,event_type 35
16854,event_type 34
16854,event_type 35
16854,event_type 34
16732,event_type 35
16732,event_type 34
16732,event_type 35
16732,event_type 34
18283,event_type 35
17997,event_type 35
17997,event_type 34
17997,event_type 35
17997,event_type 34
17998,event_type 34
17998,event_type 35
17998,event_type 34
17998,event_type 35
16662,event_type 35
16662,event_type 34
16662,event_type 35
16662,event_type 34
18532,event_type 35
18532,event_type 34
18532,event_type 35
18532,event_type 34
17734,event_type 35
17734,event_type 34
17734,event_type 35
17734,event_type 34
18260,event_type 34
18260,event_type 35
18260,event_type 34
18260,event_type 35
17755,event_type 20
18549,event_type 34
18549,event_type 20
18549,event_type 35
18549,event_type 34
18549,event_type 20
18549,event_type 35
18549,event_type 34
18549,event_type 20
18549,event_type 35
17404,event_type 34
17404,event_type 35
17404,event_type 34
17404,event_type 35
18079,event_type 35
18079,event_type 34
18079,event_type 35
18079,event_type 34
17539,event_type 34
17539,event_type 35
17539,event_type 34
17539,event_type 35
18545,event_type 34
18545,event_type 35
18545,event_type 34
18545,event_type 35
18374,event_type 34
18374,event_type 35
18374,event_type 34
18374,event_type 35
18435,event_type 35
18435,event_type 34
18435,event_type 35
18435,event_type 34
17507,event_type 35
17507,event_type 34
17507,event_type 35
17507,event_type 34
18056,event_type 34
18056,event_type 35
18056,event_type 34
18056,event_type 35
17215,event_type 34
17215,event_type 35
17215,event_type 34
17215,event_type 35
17805,event_type 34
17332,event_type 35
17332,event_type 34
17332,event_type 35
17332,event_type 34
17893,event_type 34
17893,event_type 35
17893,event_type 34
17893,event_type 35
18188,event_type 34
18188,event_type 35
18188,event_type 34
18188,event_type 35
17286,event_type 34
17286,event_type 35
17286,event_type 34
17286,event_type 35
18552,event_type 34
18552,event_type 35
18552,event_type 34
18552,event_type 35
18342,event_type 34
18342,event_type 35
18342,event_type 34
18342,event_type 35
18023,event_type 34
18023,event_type 35
18023,event_type 34
18023,event_type 35
17350,event_type 35
17350,event_type 34
17350,event_type 35
17350,event_type 34
17466,event_type 34
17466,event_type 35
17466,event_type 34
17466,event_type 35
18066,event_type 34
18066,event_type 35
18066,event_type 34
18066,event_type 35
17900,event_type 34
17900,event_type 35
17900,event_type 34
17900,event_type 35
17667,event_type 35
17667,event_type 34
17667,event_type 35
17667,event_type 34
16933,event_type 34
16933,event_type 35
16933,event_type 34
16933,event_type 35
17189,event_type 35
17189,event_type 34
17189,event_type 35
17189,event_type 34
17412,event_type 35
17412,event_type 34
17412,event_type 35
17412,event_type 34
17140,event_type 34
17140,event_type 35
17140,event_type 34
17140,event_type 35
18282,event_type 35
18282,event_type 34
18282,event_type 35
18282,event_type 34
16793,event_type 34
16793,event_type 35
16793,event_type 34
16793,event_type 35
17584,event_type 34
17584,event_type 35
17584,event_type 34
17584,event_type 35
18339,event_type 34
18339,event_type 35
18339,event_type 34
18339,event_type 35
17827,event_type 34
17827,event_type 35
17827,event_type 34
17827,event_type 35
18218,event_type 34
18218,event_type 35
18218,event_type 34
18218,event_type 35
16776,event_type 34
16776,event_type 35
16776,event_type 34
16776,event_type 35
16971,event_type 35
16971,event_type 34
16971,event_type 11
16971,event_type 35
16971,event_type 34
16971,event_type 11
16971,event_type 35
16971,event_type 34
16971,event_type 11
18529,event_type 34
18529,event_type 35
18529,event_type 34
18529,event_type 35
16947,event_type 35
16947,event_type 34
16947,event_type 35
16947,event_type 34
17630,event_type 34
17630,event_type 35
17630,event_type 34
17630,event_type 35
17335,event_type 35
17335,event_type 34
17335,event_type 35
17335,event_type 34
17529,event_type 34
17529,event_type 35
17529,event_type 34
17529,event_type 35
18201,event_type 35
18201,event_type 34
18201,event_type 35
18201,event_type 34
18154,event_type 34
18154,event_type 35
18154,event_type 34
18154,event_type 35
16737,event_type 35
16737,event_type 34
16737,event_type 35
16737,event_type 34
18293,event_type 35
18293,event_type 34
18293,event_type 35
18293,event_type 34
17295,event_type 35
17295,event_type 34
17295,event_type 35
17295,event_type 34
17494,event_type 34
17494,event_type 35
17494,event_type 34
17494,event_type 35
17272,event_type 34
17272,event_type 35
17272,event_type 34
17272,event_type 35
16790,event_type 35
16790,event_type 34
16790,event_type 35
16790,event_type 34
17006,event_type 35
17006,event_type 34
17006,event_type 35
17006,event_type 34
17368,event_type 35
17368,event_type 34
17368,event_type 35
17368,event_type 34
17098,event_type 35
17098,event_type 34
17098,event_type 35
17098,event_type 34
16727,event_type 34
16727,event_type 35
16727,event_type 34
16727,event_type 35
17468,event_type 34
17468,event_type 35
17468,event_type 34
17468,event_type 35
17980,event_type 35
17980,event_type 34
17980,event_type 35
17980,event_type 34
16886,event_type 35
16886,event_type 34
16886,event_type 35
16886,event_type 34
18292,event_type 34
18292,event_type 35
18292,event_type 34
18292,event_type 35
17728,event_type 34
17728,event_type 35
17728,event_type 34
17728,event_type 35
17093,event_type 35
17093,event_type 34
17093,event_type 35
17093,event_type 34
16858,event_type 35
16997,event_type 34
16997,event_type 35
16997,event_type 34
16997,event_type 35
17782,event_type 35
17782,event_type 34
17782,event_type 35
17782,event_type 34
17253,event_type 35
17253,event_type 34
17253,event_type 35
17253,event_type 34
18531,event_type 34
18531,event_type 35
18531,event_type 34
18531,event_type 35
16784,event_type 34
16784,event_type 35
16784,event_type 34
16784,event_type 35
18128,event_type 34
18128,event_type 35
18128,event_type 34
18128,event_type 35
18062,event_type 34
18062,event_type 35
18062,event_type 34
18062,event_type 35
17500,event_type 35
17500,event_type 34
17500,event_type 35
17500,event_type 34
18401,event_type 34
18401,event_type 35
18401,event_type 34
18401,event_type 35
17556,event_type 34
17556,event_type 35
17556,event_type 34
17556,event_type 35
17885,event_type 35
17885,event_type 34
17885,event_type 35
17885,event_type 34
16962,event_type 34
16962,event_type 35
16962,event_type 34
16962,event_type 35
18052,event_type 34
18052,event_type 35
18052,event_type 34
18052,event_type 35
18246,event_type 34
18246,event_type 35
18246,event_type 34
18246,event_type 35
17499,event_type 35
17499,event_type 34
17499,event_type 35
17499,event_type 34
16964,event_type 35
16964,event_type 34
16964,event_type 35
16964,event_type 34
18094,event_type 35
18094,event_type 34
18094,event_type 35
18094,event_type 34
16883,event_type 34
16883,event_type 35
16883,event_type 34
16883,event_type 35
18165,event_type 34
18165,event_type 35
18165,event_type 34
18165,event_type 35
18340,event_type 35
18340,event_type 34
18340,event_type 35
18340,event_type 34
18042,event_type 34
18042,event_type 35
18042,event_type 34
18042,event_type 35
17007,event_type 35
17007,event_type 34
17007,event_type 35
17007,event_type 34
17018,event_type 34
17018,event_type 35
17018,event_type 34
17018,event_type 35
17333,event_type 35
17333,event_type 34
17333,event_type 35
17333,event_type 34
17725,event_type 35
17725,event_type 34
17725,event_type 35
17725,event_type 34
17347,event_type 34
17347,event_type 35
17347,event_type 34
17347,event_type 35
17162,event_type 35
17162,event_type 34
17162,event_type 35
17162,event_type 34
16839,event_type 34
16839,event_type 35
16839,event_type 34
16839,event_type 35
18041,event_type 34
18041,event_type 35
18041,event_type 34
18041,event_type 35
18169,event_type 34
18169,event_type 35
18169,event_type 34
18169,event_type 35
18059,event_type 34
18059,event_type 35
18059,event_type 34
18059,event_type 35
16996,event_type 34
16996,event_type 35
16996,event_type 34
16996,event_type 35
16898,event_type 34
16898,event_type 35
16898,event_type 34
16898,event_type 35
17349,event_type 34
17349,event_type 35
17349,event_type 34
17349,event_type 35
17392,event_type 34
17392,event_type 35
17392,event_type 34
17392,event_type 35
18381,event_type 34
18381,event_type 35
18381,event_type 34
18381,event_type 35
18183,event_type 11
17373,event_type 34
17373,event_type 35
17373,event_type 34
17373,event_type 35
16674,event_type 34
16674,event_type 35
16674,event_type 34
16674,event_type 35
18014,event_type 35
18014,event_type 34
18014,event_type 35
18014,event_type 34
16970,event_type 35
16970,event_type 34
16970,event_type 35
16970,event_type 34
18547,event_type 34
18547,event_type 35
18547,event_type 34
18547,event_type 35
17231,event_type 34
17603,event_type 34
17603,event_type 35
17603,event_type 34
17603,event_type 35
17978,event_type 34
17978,event_type 35
17978,event_type 34
17978,event_type 35
18371,event_type 35
18371,event_type 34
18371,event_type 35
18371,event_type 34
17040,event_type 34
17040,event_type 35
17040,event_type 34
17040,event_type 35
17121,event_type 35
17121,event_type 34
17121,event_type 35
17121,event_type 34
17594,event_type 34
17594,event_type 35
17594,event_type 34
17594,event_type 35
17877,event_type 34
17877,event_type 35
17877,event_type 34
17877,event_type 35
17634,event_type 35
17634,event_type 34
17634,event_type 35
17634,event_type 34
16701,event_type 35
16701,event_type 34
16701,event_type 35
16701,event_type 34
17675,event_type 35
17675,event_type 34
17675,event_type 35
17675,event_type 34
18185,event_type 34
18185,event_type 35
18185,event_type 34
18185,event_type 35
18266,event_type 34
18266,event_type 35
18266,event_type 34
18266,event_type 35
16769,event_type 34
16769,event_type 35
16769,event_type 34
16769,event_type 35
17522,event_type 34
17522,event_type 35
17522,event_type 34
17522,event_type 35
16973,event_type 34
16973,event_type 35
16973,event_type 34
16973,event_type 35
17168,event_type 34
17168,event_type 35
17168,event_type 34
17168,event_type 35
17123,event_type 34
17123,event_type 35
17123,event_type 34
17123,event_type 35
16875,event_type 34
16875,event_type 35
16875,event_type 34
16875,event_type 35
17492,event_type 27
17492,event_type 30
17492,event_type 10
17492,event_type 27
17492,event_type 30
17492,event_type 10
17492,event_type 27
17492,event_type 30
17492,event_type 10
16855,event_type 27
16855,event_type 11
16855,event_type 27
16855,event_type 11
18366,event_type 39
18366,event_type 10
18366,event_type 11
18366,event_type 39
18366,event_type 10
18366,event_type 11
18366,event_type 39
18366,event_type 10
18366,event_type 11
18089,event_type 10
17105,event_type 10
18206,event_type 10
18084,event_type 11
18084,event_type 54
18084,event_type 11
18084,event_type 54
17810,event_type 11
17846,event_type 20
16985,event_type 6
16985,event_type 7
16985,event_type 20
16985,event_type 21
16985,event_type 6
16985,event_type 7
16985,event_type 20
16985,event_type 21
16985,event_type 6
16985,event_type 7
16985,event_type 20
16985,event_type 21
16985,event_type 6
16985,event_type 7
16985,event_type 20
16985,event_type 21
17794,event_type 11
17794,event_type 54
17794,event_type 11
17794,event_type 54
17796,event_type 54
16723,event_type 11
18009,event_type 11
17610,event_type 11
17915,event_type 11
17768,event_type 11
16664,event_type 11
18065,event_type 11
18445,event_type 20
17324,event_type 15
17560,event_type 15
18261,event_type 11
17374,event_type 20
18302,event_type 15
17144,event_type 15
17144,event_type 20
17144,event_type 15
17144,event_type 20
17562,event_type 15
18393,event_type 15
17708,event_type 15
17806,event_type 15
18502,event_type 15
17289,event_type 11
18269,event_type 11
18495,event_type 11
17804,event_type 11
16859,event_type 11
16981,event_type 20
16935,event_type 11
18024,event_type 15
16792,event_type 15
16792,event_type 11
16792,event_type 15
16792,event_type 11
17802,event_type 11
17802,event_type 15
17802,event_type 11
17802,event_type 15
17481,event_type 54
17481,event_type 15
17481,event_type 54
17481,event_type 15
17792,event_type 11
17792,event_type 15
17792,event_type 54
17792,event_type 11
17792,event_type 15
17792,event_type 54
17792,event_type 11
17792,event_type 15
17792,event_type 54
17420,event_type 11
17420,event_type 54
17420,event_type 15
17420,event_type 11
17420,event_type 54
17420,event_type 15
17420,event_type 11
17420,event_type 54
17420,event_type 15
17746,event_type 15
17746,event_type 54
17746,event_type 15
17746,event_type 54
18078,event_type 54
18078,event_type 15
18078,event_type 54
18078,event_type 15
17621,event_type 15
17621,event_type 54
17621,event_type 15
17621,event_type 54
17406,event_type 11
17406,event_type 54
17406,event_type 15
17406,event_type 11
17406,event_type 54
17406,event_type 15
17406,event_type 11
17406,event_type 54
17406,event_type 15
17859,event_type 20
17723,event_type 11
17723,event_type 20
17723,event_type 11
17723,event_type 20
16945,event_type 11
16828,event_type 11
17045,event_type 11
17589,event_type 11
16848,event_type 11
18190,event_type 11
18522,event_type 11
17787,event_type 20
17712,event_type 9
16665,event_type 20
16968,event_type 11
17296,event_type 20
18166,event_type 20
17957,event_type 46
17957,event_type 50
17957,event_type 47
17957,event_type 46
17957,event_type 50
17957,event_type 47
17957,event_type 46
17957,event_type 50
17957,event_type 47
16750,event_type 44
16750,event_type 42
16750,event_type 44
16750,event_type 42
17129,event_type 42
17129,event_type 44
17129,event_type 42
17129,event_type 44
18067,event_type 44
18067,event_type 42
18067,event_type 44
18067,event_type 42
16835,event_type 42
16835,event_type 44
16835,event_type 42
16835,event_type 44
17128,event_type 44
17128,event_type 45
17128,event_type 42
17128,event_type 44
17128,event_type 45
17128,event_type 42
17128,event_type 44
17128,event_type 45
17128,event_type 42
18018,event_type 44
18018,event_type 42
18018,event_type 44
18018,event_type 42
17732,event_type 44
17732,event_type 42
17732,event_type 44
17732,event_type 42
18454,event_type 44
18454,event_type 42
18454,event_type 44
18454,event_type 42
17247,event_type 42
17247,event_type 44
17247,event_type 42
17247,event_type 44
18345,event_type 44
18345,event_type 42
18345,event_type 44
18345,event_type 42
18007,event_type 44
18007,event_type 42
18007,event_type 44
18007,event_type 42
17104,event_type 44
17104,event_type 42
17104,event_type 44
17104,event_type 42
18470,event_type 20
18470,event_type 46
18470,event_type 42
18470,event_type 47
18470,event_type 45
18470,event_type 44
18470,event_type 20
18470,event_type 46
18470,event_type 42
18470,event_type 47
18470,event_type 45
18470,event_type 44
18470,event_type 20
18470,event_type 46
18470,event_type 42
18470,event_type 47
18470,event_type 45
18470,event_type 44
18470,event_type 20
18470,event_type 46
18470,event_type 42
18470,event_type 47
18470,event_type 45
18470,event_type 44
18470,event_type 20
18470,event_type 46
18470,event_type 42
18470,event_type 47
18470,event_type 45
18470,event_type 44
18470,event_type 20
18470,event_type 46
18470,event_type 42
18470,event_type 47
18470,event_type 45
18470,event_type 44
16685,event_type 47
16685,event_type 46
16685,event_type 47
16685,event_type 46
16810,event_type 11
17316,event_type 13
17316,event_type 11
17316,event_type 13
17316,event_type 11
18427,event_type 11
18427,event_type 23
18427,event_type 22
18427,event_type 11
18427,event_type 23
18427,event_type 22
18427,event_type 11
18427,event_type 23
18427,event_type 22
17445,event_type 23
17445,event_type 11
17445,event_type 22
17445,event_type 23
17445,event_type 11
17445,event_type 22
17445,event_type 23
17445,event_type 11
17445,event_type 22
16919,event_type 14
16919,event_type 13
16919,event_type 11
16919,event_type 14
16919,event_type 13
16919,event_type 11
16919,event_type 14
16919,event_type 13
16919,event_type 11
18436,event_type 11
18460,event_type 11
17124,event_type 15
17124,event_type 11
17124,event_type 15
17124,event_type 11
16940,event_type 11
16940,event_type 15
16940,event_type 11
16940,event_type 15
16692,event_type 15
16692,event_type 11
16692,event_type 15
16692,event_type 11
16739,event_type 15
17619,event_type 15
17619,event_type 11
17619,event_type 15
17619,event_type 11
18424,event_type 15
16802,event_type 15
17969,event_type 15
17740,event_type 11
17740,event_type 15
17740,event_type 11
17740,event_type 15
18251,event_type 11
18251,event_type 15
18251,event_type 11
18251,event_type 15
18359,event_type 15
17729,event_type 11
17729,event_type 17
17729,event_type 11
17729,event_type 17
17649,event_type 11
18362,event_type 22
18362,event_type 23
18362,event_type 11
18362,event_type 22
18362,event_type 23
18362,event_type 11
18362,event_type 22
18362,event_type 23
18362,event_type 11
17563,event_type 11
17655,event_type 11
18438,event_type 11
18438,event_type 23
18438,event_type 11
18438,event_type 23
17541,event_type 11
17541,event_type 23
17541,event_type 11
17541,event_type 23
18446,event_type 20
17575,event_type 11
17926,event_type 11
17354,event_type 21
18327,event_type 11
17455,event_type 21
17092,event_type 11
17912,event_type 11
16826,event_type 11
16803,event_type 11
17820,event_type 20
17486,event_type 15
17868,event_type 15
17700,event_type 11
17700,event_type 15
17700,event_type 11
17700,event_type 15
18350,event_type 15
17432,event_type 15
17432,event_type 11
17432,event_type 15
17432,event_type 11
18096,event_type 15
18096,event_type 11
18096,event_type 15
18096,event_type 11
18497,event_type 15
18211,event_type 15
18383,event_type 20
18321,event_type 20
17435,event_type 11
16957,event_type 23
16957,event_type 11
16957,event_type 23
16957,event_type 11
18202,event_type 23
18202,event_type 11
18202,event_type 23
18202,event_type 11
17786,event_type 23
17786,event_type 11
17786,event_type 23
17786,event_type 11
17845,event_type 11
17845,event_type 22
17845,event_type 11
17845,event_type 22
16872,event_type 23
16872,event_type 11
16872,event_type 22
16872,event_type 23
16872,event_type 11
16872,event_type 22
16872,event_type 23
16872,event_type 11
16872,event_type 22
18069,event_type 11
18224,event_type 11
16944,event_type 11
17711,event_type 11
18479,event_type 11
17336,event_type 11
17031,event_type 11
16717,event_type 11
17433,event_type 11
17197,event_type 11
17376,event_type 11
18422,event_type 11
17345,event_type 11
16801,event_type 11
17382,event_type 11
17600,event_type 11
17528,event_type 11
16856,event_type 11
16928,event_type 11
17251,event_type 11
17126,event_type 11
17126,event_type 15
17126,event_type 11
17126,event_type 15
16994,event_type 15
17484,event_type 15
17141,event_type 11
17141,event_type 15
17141,event_type 11
17141,event_type 15
18091,event_type 15
18091,event_type 54
18091,event_type 15
18091,event_type 54
17070,event_type 15
17070,event_type 54
17070,event_type 15
17070,event_type 54
17279,event_type 15
17050,event_type 15
17043,event_type 15
17680,event_type 11
18389,event_type 11
18389,event_type 2
18389,event_type 11
18389,event_type 2
16759,event_type 11
18032,event_type 15
18032,event_type 11
18032,event_type 15
18032,event_type 11
16743,event_type 15
17309,event_type 15
17309,event_type 11
17309,event_type 26
17309,event_type 15
17309,event_type 11
17309,event_type 26
17309,event_type 15
17309,event_type 11
17309,event_type 26
17353,event_type 26
17353,event_type 15
17353,event_type 11
17353,event_type 26
17353,event_type 15
17353,event_type 11
17353,event_type 26
17353,event_type 15
17353,event_type 11
16702,event_type 11
16702,event_type 15
16702,event_type 11
16702,event_type 15
17260,event_type 11
16735,event_type 11
18541,event_type 11
16963,event_type 11
16663,event_type 11
16670,event_type 15
16670,event_type 11
16670,event_type 15
16670,event_type 11
17022,event_type 11
17022,event_type 15
17022,event_type 11
17022,event_type 15
17236,event_type 11
17236,event_type 13
17236,event_type 11
17236,event_type 13
17056,event_type 13
17056,event_type 11
17056,event_type 13
17056,event_type 11
18214,event_type 11
18214,event_type 13
18214,event_type 11
18214,event_type 13
17587,event_type 54
17896,event_type 11
17771,event_type 11
17377,event_type 11
17377,event_type 2
17377,event_type 11
17377,event_type 2
18348,event_type 11
17862,event_type 11
17862,event_type 2
17862,event_type 11
17862,event_type 2
17190,event_type 2
17190,event_type 11
17190,event_type 2
17190,event_type 11
18285,event_type 15
17191,event_type 15
17191,event_type 11
17191,event_type 15
17191,event_type 11
17770,event_type 15
17770,event_type 11
17770,event_type 15
17770,event_type 11
17549,event_type 11
17549,event_type 15
17549,event_type 11
17549,event_type 15
17884,event_type 15
17884,event_type 11
17884,event_type 20
17884,event_type 15
17884,event_type 11
17884,event_type 20
17884,event_type 15
17884,event_type 11
17884,event_type 20
18351,event_type 15
18351,event_type 11
18351,event_type 15
18351,event_type 11
16768,event_type 15
18447,event_type 11
18447,event_type 15
18447,event_type 11
18447,event_type 15
17640,event_type 15
17640,event_type 11
17640,event_type 15
17640,event_type 11
16778,event_type 11
16778,event_type 15
16778,event_type 54
16778,event_type 11
16778,event_type 15
16778,event_type 54
16778,event_type 11
16778,event_type 15
16778,event_type 54
17911,event_type 11
17911,event_type 54
17911,event_type 15
17911,event_type 11
17911,event_type 54
17911,event_type 15
17911,event_type 11
17911,event_type 54
17911,event_type 15
16657,event_type 15
16657,event_type 54
16657,event_type 11
16657,event_type 15
16657,event_type 54
16657,event_type 11
16657,event_type 15
16657,event_type 54
16657,event_type 11
18267,event_type 54
18267,event_type 15
18267,event_type 54
18267,event_type 15
17148,event_type 11
17148,event_type 54
17148,event_type 15
17148,event_type 11
17148,event_type 54
17148,event_type 15
17148,event_type 11
17148,event_type 54
17148,event_type 15
17597,event_type 54
18252,event_type 11
17895,event_type 11
17442,event_type 11
18006,event_type 11
17875,event_type 11
17696,event_type 11
17457,event_type 11
16880,event_type 11
18040,event_type 11
18040,event_type 15
18040,event_type 11
18040,event_type 15
17453,event_type 54
17453,event_type 11
17453,event_type 54
17453,event_type 11
17326,event_type 11
17326,event_type 54
17326,event_type 11
17326,event_type 54
17478,event_type 11
17478,event_type 15
17478,event_type 11
17478,event_type 15
17688,event_type 11
18306,event_type 15
18306,event_type 11
18306,event_type 15
18306,event_type 11
17785,event_type 20
17785,event_type 11
17785,event_type 20
17785,event_type 11
17797,event_type 54
18148,event_type 13
18148,event_type 11
18148,event_type 13
18148,event_type 11
18471,event_type 11
18471,event_type 14
18471,event_type 13
18471,event_type 11
18471,event_type 14
18471,event_type 13
18471,event_type 11
18471,event_type 14
18471,event_type 13
16715,event_type 20
17929,event_type 20
18390,event_type 11
18250,event_type 11
16846,event_type 11
18519,event_type 54
18519,event_type 11
18519,event_type 54
18519,event_type 11
17813,event_type 54
17813,event_type 11
17813,event_type 54
17813,event_type 11
17179,event_type 15
17179,event_type 11
17179,event_type 15
17179,event_type 11
18140,event_type 15
17760,event_type 15
17760,event_type 11
17760,event_type 15
17760,event_type 11
18051,event_type 11
18051,event_type 15
18051,event_type 11
18051,event_type 15
17930,event_type 11
17930,event_type 15
17930,event_type 11
17930,event_type 15
16736,event_type 13
16736,event_type 18
16736,event_type 11
16736,event_type 13
16736,event_type 18
16736,event_type 11
16736,event_type 13
16736,event_type 18
16736,event_type 11
16686,event_type 11
17235,event_type 15
17259,event_type 15
17759,event_type 15
18152,event_type 15
17471,event_type 11
17658,event_type 20
17658,event_type 11
17658,event_type 20
17658,event_type 11
17046,event_type 11
17612,event_type 54
17612,event_type 11
17612,event_type 28
17612,event_type 54
17612,event_type 11
17612,event_type 28
17612,event_type 54
17612,event_type 11
17612,event_type 28
17278,event_type 20
17278,event_type 54
17278,event_type 20
17278,event_type 54
18489,event_type 20
16722,event_type 11
17477,event_type 11
16836,event_type 11
18491,event_type 11
18205,event_type 11
16829,event_type 11
17120,event_type 11
18278,event_type 23
18278,event_type 14
18278,event_type 11
18278,event_type 23
18278,event_type 14
18278,event_type 11
18278,event_type 23
18278,event_type 14
18278,event_type 11
17177,event_type 14
17177,event_type 11
17177,event_type 14
17177,event_type 11
17132,event_type 11
17132,event_type 14
17132,event_type 20
17132,event_type 23
17132,event_type 11
17132,event_type 14
17132,event_type 20
17132,event_type 23
17132,event_type 11
17132,event_type 14
17132,event_type 20
17132,event_type 23
17132,event_type 11
17132,event_type 14
17132,event_type 20
17132,event_type 23
18301,event_type 11
18301,event_type 23
18301,event_type 14
18301,event_type 11
18301,event_type 23
18301,event_type 14
18301,event_type 11
18301,event_type 23
18301,event_type 14
17961,event_type 11
17961,event_type 23
17961,event_type 20
17961,event_type 14
17961,event_type 11
17961,event_type 23
17961,event_type 20
17961,event_type 14
17961,event_type 11
17961,event_type 23
17961,event_type 20
17961,event_type 14
17961,event_type 11
17961,event_type 23
17961,event_type 20
17961,event_type 14
16747,event_type 15
16747,event_type 11
16747,event_type 15
16747,event_type 11
16680,event_type 15
17149,event_type 15
17087,event_type 15
17881,event_type 15
17849,event_type 15
18133,event_type 15
17035,event_type 29
17554,event_type 13
17554,event_type 11
17554,event_type 13
17554,event_type 11
18153,event_type 11
17089,event_type 11
16712,event_type 11
17228,event_type 11
17985,event_type 11
18307,event_type 11
18307,event_type 20
18307,event_type 11
18307,event_type 20
17816,event_type 11
16893,event_type 11
18517,event_type 23
17907,event_type 23
17907,event_type 54
17907,event_type 23
17907,event_type 54
17439,event_type 11
17580,event_type 11
17580,event_type 15
17580,event_type 11
17580,event_type 15
17047,event_type 15
17047,event_type 11
17047,event_type 15
17047,event_type 11
17218,event_type 11
17218,event_type 15
17218,event_type 11
17218,event_type 15
18433,event_type 11
18433,event_type 15
18433,event_type 11
18433,event_type 15
18423,event_type 15
18423,event_type 11
18423,event_type 15
18423,event_type 11
17635,event_type 11
17635,event_type 15
17635,event_type 11
17635,event_type 15
18229,event_type 11
18229,event_type 15
18229,event_type 11
18229,event_type 15
16720,event_type 15
17114,event_type 15
17114,event_type 11
17114,event_type 15
17114,event_type 11
17550,event_type 54
17550,event_type 15
17550,event_type 54
17550,event_type 15
17902,event_type 54
17902,event_type 15
17902,event_type 54
17902,event_type 15
18123,event_type 11
17488,event_type 11
18167,event_type 11
17422,event_type 11
17679,event_type 11
16867,event_type 11
17572,event_type 11
17986,event_type 11
18476,event_type 11
16887,event_type 22
16887,event_type 11
16887,event_type 23
16887,event_type 22
16887,event_type 11
16887,event_type 23
16887,event_type 22
16887,event_type 11
16887,event_type 23
17280,event_type 23
17131,event_type 15
17243,event_type 15
17086,event_type 15
18151,event_type 11
18151,event_type 15
18151,event_type 11
18151,event_type 15
16954,event_type 15
17075,event_type 15
17075,event_type 11
17075,event_type 15
17075,event_type 11
17039,event_type 11
17039,event_type 15
17039,event_type 11
17039,event_type 15
17072,event_type 11
17072,event_type 15
17072,event_type 11
17072,event_type 15
17913,event_type 15
16757,event_type 15
18013,event_type 15
18013,event_type 11
18013,event_type 15
18013,event_type 11
17261,event_type 15
17261,event_type 54
17261,event_type 15
17261,event_type 54
17383,event_type 11
16707,event_type 15
16707,event_type 11
16707,event_type 15
16707,event_type 11
18242,event_type 11
18242,event_type 13
18242,event_type 11
18242,event_type 13
17216,event_type 11
17216,event_type 13
17216,event_type 11
17216,event_type 13
17510,event_type 13
17510,event_type 11
17510,event_type 13
17510,event_type 11
17793,event_type 11
17793,event_type 14
17793,event_type 11
17793,event_type 14
17000,event_type 13
17000,event_type 11
17000,event_type 13
17000,event_type 11
17393,event_type 11
17351,event_type 11
17784,event_type 11
17718,event_type 11
17778,event_type 11
17206,event_type 11
17899,event_type 11
18045,event_type 15
17176,event_type 15
17176,event_type 11
17176,event_type 15
17176,event_type 11
16857,event_type 15
16728,event_type 15
17722,event_type 15
17722,event_type 38
17722,event_type 15
17722,event_type 38
17826,event_type 15
17014,event_type 15
17983,event_type 11
17983,event_type 54
17983,event_type 15
17983,event_type 11
17983,event_type 54
17983,event_type 15
17983,event_type 11
17983,event_type 54
17983,event_type 15
17395,event_type 11
18303,event_type 11
16713,event_type 11
17318,event_type 23
18330,event_type 11
17188,event_type 11
17843,event_type 11
17012,event_type 20
17402,event_type 15
18196,event_type 15
17777,event_type 11
17777,event_type 15
17777,event_type 11
17777,event_type 15
17742,event_type 15
17742,event_type 11
17742,event_type 15
17742,event_type 11
18510,event_type 15
17002,event_type 15
17591,event_type 15
17480,event_type 15
17744,event_type 15
18124,event_type 15
17534,event_type 15
16690,event_type 15
16690,event_type 11
16690,event_type 15
16690,event_type 11
18509,event_type 11
18509,event_type 15
18509,event_type 11
18509,event_type 15
17274,event_type 15
18277,event_type 15
16710,event_type 15
16943,event_type 11
17227,event_type 11
17227,event_type 18
17227,event_type 13
17227,event_type 11
17227,event_type 18
17227,event_type 13
17227,event_type 11
17227,event_type 18
17227,event_type 13
17981,event_type 11
18308,event_type 11
17060,event_type 11
18199,event_type 11
17497,event_type 11
16823,event_type 11
16823,event_type 13
16823,event_type 11
16823,event_type 13
18020,event_type 11
18499,event_type 11
17053,event_type 11
17840,event_type 20
16980,event_type 20
16775,event_type 20
18294,event_type 11
16863,event_type 11
18247,event_type 11
18268,event_type 11
18268,event_type 15
18268,event_type 11
18268,event_type 15
17263,event_type 30
17263,event_type 29
17263,event_type 30
17263,event_type 29
16986,event_type 11
16959,event_type 11
17889,event_type 11
17652,event_type 11
18322,event_type 11
17085,event_type 11
16930,event_type 11
16905,event_type 18
16905,event_type 11
16905,event_type 18
16905,event_type 11
17226,event_type 11
16884,event_type 11
18551,event_type 11
17001,event_type 11
16762,event_type 11
18289,event_type 11
18546,event_type 44
18546,event_type 43
18546,event_type 42
18546,event_type 44
18546,event_type 43
18546,event_type 42
18546,event_type 44
18546,event_type 43
18546,event_type 42
17831,event_type 44
17831,event_type 43
17831,event_type 42
17831,event_type 44
17831,event_type 43
17831,event_type 42
17831,event_type 44
17831,event_type 43
17831,event_type 42
16938,event_type 45
16938,event_type 44
16938,event_type 42
16938,event_type 43
16938,event_type 45
16938,event_type 44
16938,event_type 42
16938,event_type 43
16938,event_type 45
16938,event_type 44
16938,event_type 42
16938,event_type 43
16938,event_type 45
16938,event_type 44
16938,event_type 42
16938,event_type 43
17916,event_type 44
17916,event_type 42
17916,event_type 43
17916,event_type 44
17916,event_type 42
17916,event_type 43
17916,event_type 44
17916,event_type 42
17916,event_type 43
18034,event_type 44
18034,event_type 42
18034,event_type 43
18034,event_type 44
18034,event_type 42
18034,event_type 43
18034,event_type 44
18034,event_type 42
18034,event_type 43
17775,event_type 44
17775,event_type 43
17775,event_type 42
17775,event_type 44
17775,event_type 43
17775,event_type 42
17775,event_type 44
17775,event_type 43
17775,event_type 42
18382,event_type 42
18382,event_type 43
18382,event_type 44
18382,event_type 42
18382,event_type 43
18382,event_type 44
18382,event_type 42
18382,event_type 43
18382,event_type 44
18015,event_type 42
18015,event_type 44
18015,event_type 43
18015,event_type 42
18015,event_type 44
18015,event_type 43
18015,event_type 42
18015,event_type 44
18015,event_type 43
17819,event_type 50
16951,event_type 42
16951,event_type 44
16951,event_type 43
16951,event_type 45
16951,event_type 42
16951,event_type 44
16951,event_type 43
16951,event_type 45
16951,event_type 42
16951,event_type 44
16951,event_type 43
16951,event_type 45
16951,event_type 42
16951,event_type 44
16951,event_type 43
16951,event_type 45
17552,event_type 43
17552,event_type 44
17552,event_type 42
17552,event_type 43
17552,event_type 44
17552,event_type 42
17552,event_type 43
17552,event_type 44
17552,event_type 42
17161,event_type 42
17161,event_type 43
17161,event_type 44
17161,event_type 42
17161,event_type 43
17161,event_type 44
17161,event_type 42
17161,event_type 43
17161,event_type 44
18398,event_type 43
18398,event_type 44
18398,event_type 42
18398,event_type 43
18398,event_type 44
18398,event_type 42
18398,event_type 43
18398,event_type 44
18398,event_type 42
17154,event_type 42
17154,event_type 43
17154,event_type 44
17154,event_type 42
17154,event_type 43
17154,event_type 44
17154,event_type 42
17154,event_type 43
17154,event_type 44
18017,event_type 43
18017,event_type 50
18017,event_type 42
18017,event_type 44
18017,event_type 43
18017,event_type 50
18017,event_type 42
18017,event_type 44
18017,event_type 43
18017,event_type 50
18017,event_type 42
18017,event_type 44
18017,event_type 43
18017,event_type 50
18017,event_type 42
18017,event_type 44
17090,event_type 43
17090,event_type 44
17090,event_type 42
17090,event_type 43
17090,event_type 44
17090,event_type 42
17090,event_type 43
17090,event_type 44
17090,event_type 42
17003,event_type 44
17003,event_type 50
17003,event_type 42
17003,event_type 44
17003,event_type 50
17003,event_type 42
17003,event_type 44
17003,event_type 50
17003,event_type 42
18457,event_type 44
18457,event_type 43
18457,event_type 50
18457,event_type 42
18457,event_type 44
18457,event_type 43
18457,event_type 50
18457,event_type 42
18457,event_type 44
18457,event_type 43
18457,event_type 50
18457,event_type 42
18457,event_type 44
18457,event_type 43
18457,event_type 50
18457,event_type 42
17137,event_type 44
17137,event_type 42
17137,event_type 50
17137,event_type 43
17137,event_type 44
17137,event_type 42
17137,event_type 50
17137,event_type 43
17137,event_type 44
17137,event_type 42
17137,event_type 50
17137,event_type 43
17137,event_type 44
17137,event_type 42
17137,event_type 50
17137,event_type 43
17023,event_type 53
17023,event_type 42
17023,event_type 44
17023,event_type 11
17023,event_type 50
17023,event_type 49
17023,event_type 20
17023,event_type 45
17023,event_type 47
17023,event_type 53
17023,event_type 42
17023,event_type 44
17023,event_type 11
17023,event_type 50
17023,event_type 49
17023,event_type 20
17023,event_type 45
17023,event_type 47
17023,event_type 53
17023,event_type 42
17023,event_type 44
17023,event_type 11
17023,event_type 50
17023,event_type 49
17023,event_type 20
17023,event_type 45
17023,event_type 47
17023,event_type 53
17023,event_type 42
17023,event_type 44
17023,event_type 11
17023,event_type 50
17023,event_type 49
17023,event_type 20
17023,event_type 45
17023,event_type 47
17023,event_type 53
17023,event_type 42
17023,event_type 44
17023,event_type 11
17023,event_type 50
17023,event_type 49
17023,event_type 20
17023,event_type 45
17023,event_type 47
17023,event_type 53
17023,event_type 42
17023,event_type 44
17023,event_type 11
17023,event_type 50
17023,event_type 49
17023,event_type 20
17023,event_type 45
17023,event_type 47
17023,event_type 53
17023,event_type 42
17023,event_type 44
17023,event_type 11
17023,event_type 50
17023,event_type 49
17023,event_type 20
17023,event_type 45
17023,event_type 47
17023,event_type 53
17023,event_type 42
17023,event_type 44
17023,event_type 11
17023,event_type 50
17023,event_type 49
17023,event_type 20
17023,event_type 45
17023,event_type 47
17023,event_type 53
17023,event_type 42
17023,event_type 44
17023,event_type 11
17023,event_type 50
17023,event_type 49
17023,event_type 20
17023,event_type 45
17023,event_type 47
18411,event_type 50
18411,event_type 47
18411,event_type 50
18411,event_type 47
16882,event_type 44
16882,event_type 43
16882,event_type 42
16882,event_type 47
16882,event_type 45
16882,event_type 44
16882,event_type 43
16882,event_type 42
16882,event_type 47
16882,event_type 45
16882,event_type 44
16882,event_type 43
16882,event_type 42
16882,event_type 47
16882,event_type 45
16882,event_type 44
16882,event_type 43
16882,event_type 42
16882,event_type 47
16882,event_type 45
16882,event_type 44
16882,event_type 43
16882,event_type 42
16882,event_type 47
16882,event_type 45
17230,event_type 50
17242,event_type 15
17138,event_type 15
17138,event_type 11
17138,event_type 15
17138,event_type 11
18369,event_type 15
18087,event_type 15
18087,event_type 11
18087,event_type 15
18087,event_type 11
16709,event_type 15
16709,event_type 11
16709,event_type 15
16709,event_type 11
16941,event_type 11
16941,event_type 54
16941,event_type 15
16941,event_type 11
16941,event_type 54
16941,event_type 15
16941,event_type 11
16941,event_type 54
16941,event_type 15
17992,event_type 11
17992,event_type 54
17992,event_type 15
17992,event_type 11
17992,event_type 54
17992,event_type 15
17992,event_type 11
17992,event_type 54
17992,event_type 15
17111,event_type 20
17765,event_type 11
17765,event_type 13
17765,event_type 11
17765,event_type 13
18432,event_type 13
18477,event_type 14
18477,event_type 11
18477,event_type 14
18477,event_type 11
18356,event_type 11
17623,event_type 35
17623,event_type 34
17623,event_type 35
17623,event_type 34
17684,event_type 35
17684,event_type 34
17684,event_type 35
17684,event_type 34
18090,event_type 35
18090,event_type 34
18090,event_type 35
18090,event_type 34
17119,event_type 35
17119,event_type 34
17119,event_type 35
17119,event_type 34
17317,event_type 35
17317,event_type 34
17317,event_type 35
17317,event_type 34
17159,event_type 11
17940,event_type 11
17940,event_type 13
17940,event_type 11
17940,event_type 13
17419,event_type 11
17099,event_type 11
18109,event_type 11
17514,event_type 15
18434,event_type 15
18102,event_type 15
17081,event_type 11
17081,event_type 15
17081,event_type 11
17081,event_type 15
16851,event_type 11
18513,event_type 11
18225,event_type 14
18225,event_type 11
18225,event_type 14
18225,event_type 11
18198,event_type 11
17752,event_type 11
18518,event_type 20
18361,event_type 15
18208,event_type 15
18208,event_type 11
18208,event_type 15
18208,event_type 11
18236,event_type 15
18236,event_type 11
18236,event_type 15
18236,event_type 11
17239,event_type 15
17239,event_type 11
17239,event_type 15
17239,event_type 11
18083,event_type 11
18083,event_type 15
18083,event_type 11
18083,event_type 15
18137,event_type 23
16892,event_type 22
16892,event_type 23
16892,event_type 11
16892,event_type 22
16892,event_type 23
16892,event_type 11
16892,event_type 22
16892,event_type 23
16892,event_type 11
16751,event_type 22
16751,event_type 23
16751,event_type 11
16751,event_type 22
16751,event_type 23
16751,event_type 11
16751,event_type 22
16751,event_type 23
16751,event_type 11
16918,event_type 23
16918,event_type 11
16918,event_type 22
16918,event_type 23
16918,event_type 11
16918,event_type 22
16918,event_type 23
16918,event_type 11
16918,event_type 22
18244,event_type 54
18347,event_type 11
18347,event_type 54
18347,event_type 11
18347,event_type 54
17463,event_type 23
17702,event_type 11
18026,event_type 11
17697,event_type 11
17967,event_type 11
17754,event_type 11
18273,event_type 11
17577,event_type 11
17008,event_type 11
18194,event_type 11
17256,event_type 11
17079,event_type 11
17516,event_type 20
18114,event_type 18
18114,event_type 13
18114,event_type 18
18114,event_type 13
17178,event_type 11
17178,event_type 13
17178,event_type 11
17178,event_type 13
16937,event_type 11
16822,event_type 11
16822,event_type 14
16822,event_type 11
16822,event_type 14
18022,event_type 11
17579,event_type 11
18003,event_type 35
18003,event_type 34
18003,event_type 35
18003,event_type 34
17074,event_type 34
17074,event_type 35
17074,event_type 34
17074,event_type 35
16777,event_type 35
18237,event_type 11
16765,event_type 11
17598,event_type 11
18337,event_type 11
17839,event_type 11
17607,event_type 11
17607,event_type 54
17607,event_type 11
17607,event_type 54
17270,event_type 11
17055,event_type 11
18459,event_type 11
17163,event_type 15
16842,event_type 15
18320,event_type 15
18320,event_type 11
18320,event_type 15
18320,event_type 11
18000,event_type 11
18000,event_type 15
18000,event_type 11
18000,event_type 15
17861,event_type 15
16978,event_type 15
16978,event_type 11
16978,event_type 15
16978,event_type 11
17951,event_type 11
17951,event_type 15
17951,event_type 11
17951,event_type 15
17668,event_type 11
17668,event_type 15
17668,event_type 11
17668,event_type 15
17302,event_type 15
17116,event_type 15
16984,event_type 11
18074,event_type 11
18483,event_type 11
16726,event_type 11
18328,event_type 35
18328,event_type 34
18328,event_type 35
18328,event_type 34
17863,event_type 34
17863,event_type 35
17863,event_type 34
17863,event_type 35
18326,event_type 11
18425,event_type 15
18255,event_type 15
18255,event_type 11
18255,event_type 15
18255,event_type 11
18138,event_type 11
18138,event_type 15
18138,event_type 11
18138,event_type 15
16976,event_type 15
16731,event_type 15
18156,event_type 15
18156,event_type 11
18156,event_type 15
18156,event_type 11
17864,event_type 11
17747,event_type 11
17747,event_type 13
17747,event_type 11
17747,event_type 13
17918,event_type 11
17720,event_type 20
16967,event_type 15
16967,event_type 32
16967,event_type 11
16967,event_type 15
16967,event_type 32
16967,event_type 11
16967,event_type 15
16967,event_type 32
16967,event_type 11
17400,event_type 11
17097,event_type 11
18011,event_type 11
17924,event_type 34
17924,event_type 35
17924,event_type 34
17924,event_type 35
17790,event_type 34
17790,event_type 35
17790,event_type 34
17790,event_type 35
17968,event_type 15
17689,event_type 15
17691,event_type 6
17691,event_type 7
17691,event_type 15
17691,event_type 5
17691,event_type 6
17691,event_type 7
17691,event_type 15
17691,event_type 5
17691,event_type 6
17691,event_type 7
17691,event_type 15
17691,event_type 5
17691,event_type 6
17691,event_type 7
17691,event_type 15
17691,event_type 5
17465,event_type 15
17465,event_type 11
17465,event_type 15
17465,event_type 11
17290,event_type 11
17290,event_type 15
17290,event_type 11
17290,event_type 15
17707,event_type 15
17707,event_type 11
17707,event_type 15
17707,event_type 11
17762,event_type 15
17762,event_type 11
17762,event_type 15
17762,event_type 11
18338,event_type 11
18338,event_type 15
18338,event_type 11
18338,event_type 15
18304,event_type 11
18304,event_type 15
18304,event_type 11
18304,event_type 15
18243,event_type 11
16843,event_type 11
